Comment,Designator,Footprint,LCSC
"1µ","C1,C2","Capacitor_SMD:C_0603_1608Metric","C19666"
"15p","C3,C4","Capacitor_SMD:C_0402_1005Metric","C1548"
"1µ","C5,C6","Capacitor_SMD:C_0402_1005Metric","C52923"
"100n","C7,C8,C9,C10,C11,C12,C13,C14","Capacitor_SMD:C_0402_1005Metric","C1525"
"LED","D1","LED_SMD:LED_0402_1005Metric","C130719"
"B5817","D2","Diode_SMD:D_SOD-323","C123899"
"Polyfuse","F1","Fuse:Fuse_0603_1608Metric","C69679"
"FerriteBead_Small","FB1","Inductor_SMD:L_0603_1608Metric","C98288"
"USB_C_Receptacle_USB2.0","J1","0xLib_USB_Type-C:USB_C_Receptacle_HRO_TYPE-C-31-M-13B","C2848619"
"1k","R1,R3,R8","Resistor_SMD:R_0402_1005Metric","C11702"
"10k","R2,R9,R11","Resistor_SMD:R_0402_1005Metric","C25744"
"5.1k","R4,R5,R10","Resistor_SMD:R_0402_1005Metric","C25905"
"27","R6,R7","Resistor_SMD:R_0402_1005Metric","C25100"
"SW_Push","SW1,SW2","Button_Switch_SMD:SW_SPST_CK_KXT3","C319433"
"RP2040","U1","0xLib_Package_DFN_QFN:QFN-56-1EP_7x7mm_P0.4mm_EP3.2x3.2mm","C2040"
"GD25Q80CEIGR","U2","0xLib_Package_DFN_QFN:USON-8-1EP_3x2mm_P0.5mm_EP0.25x1.65mm","C395484"
"XC6210B332MR-G","U3","Package_TO_SOT_SMD:SOT-23-5","C82942"
"Crystal_GND24","Y1","Crystal:Crystal_SMD_2520-4Pin_2.5x2.0mm","C2149204"